{
	"id": "fb4f2f5e23cb51393e783619c31af4fe",
	"_format": "hh-sol-build-info-1",
	"solcVersion": "0.4.26",
	"solcLongVersion": "0.4.26+commit.4563c3fc",
	"input": {
		"language": "Solidity",
		"sources": {
			"zombies/zombiefeeding.sol": {
				"content": ""
			}
		},
		"settings": {
			"optimizer": {
				"enabled": false,
				"runs": 200
			},
			"outputSelection": {
				"*": {
					"": [
						"ast"
					],
					"*": [
						"abi",
						"metadata",
						"devdoc",
						"userdoc",
						"storageLayout",
						"evm.legacyAssembly",
						"evm.bytecode",
						"evm.deployedBytecode",
						"evm.methodIdentifiers",
						"evm.gasEstimates",
						"evm.assembly"
					]
				}
			}
		}
	},
	"output": {
		"contracts": {},
		"errors": [
			{
				"component": "general",
				"formattedMessage": "zombies/zombiefeeding.sol:1:1: Warning: Source file does not specify required compiler version!Consider adding \"pragma solidity ^0.4.26;\"\n\n^\n",
				"message": "Source file does not specify required compiler version!Consider adding \"pragma solidity ^0.4.26;\"",
				"severity": "warning",
				"sourceLocation": {
					"end": 0,
					"file": "zombies/zombiefeeding.sol",
					"start": 0
				},
				"type": "Warning"
			}
		],
		"sources": {
			"zombies/zombiefeeding.sol": {
				"ast": {
					"absolutePath": "zombies/zombiefeeding.sol",
					"exportedSymbols": {},
					"id": 1,
					"nodeType": "SourceUnit",
					"nodes": [],
					"src": "0:0:0"
				},
				"id": 0
			}
		}
	}
}